{
  "project_info": {
    "project_number": "284178265495",
    "firebase_url": "https://errandme-7ebd9.firebaseio.com",
    "project_id": "errandme-7ebd9",
    "storage_bucket": "errandme-7ebd9.appspot.com"
  },
  "client": [
    {
      "client_info": {
        "mobilesdk_app_id": "1:284178265495:android:d6239a0ec913ae752a80d2",
        "android_client_info": {
          "package_name": "com.example.ERRANDME"
        }
      },
      "oauth_client": [
        {
          "client_id": "284178265495-viictmla3ks06eg3cukco76368vsu1fg.apps.googleusercontent.com",
          "client_type": 1,
          "android_info": {
            "package_name": "com.example.ERRANDME",
            "certificate_hash": "60c7138220d7eb8cc3e38ce694f5467e0c7de7eb"
          }
        },
        {
          "client_id": "284178265495-horoqi2os986knutcu2h74alemk9knma.apps.googleusercontent.com",
          "client_type": 3
        }
      ],
      "api_key": [
        {
          "current_key": "AIzaSyA0pXQDZ0aMRbDZ-DpsU9tgHRPpsy4w040"
        }
      ],
      "services": {
        "appinvite_service": {
          "other_platform_oauth_client": [
            {
              "client_id": "284178265495-horoqi2os986knutcu2h74alemk9knma.apps.googleusercontent.com",
              "client_type": 3
            }
          ]
        }
      }
    }
  ],
  "configuration_version": "1"
}